{
  "text": "reflected in convolutional neural networks. Locality is reflected in the local receptive field. So these are properties of the visual world. They're also some of this property of cortex as well, although I don't think it does convolutions. But it does show quite a bit of translation invariance, and receptive fields do get larger the deeper you go into your brain. And so when we talk about receptive fields, we're going to talk about the part of the image that drives that neuron.",
  "task": "transcribe",
  "language": "english",
  "duration": 45.0,
  "segments": [
    {
      "id": 0,
      "seek": 0,
      "start": 0.0,
      "end": 3.859999895095825,
      "text": " reflected in convolutional neural networks.",
      "tokens": [
        50364,
        15502,
        294,
        45216,
        304,
        18161,
        9590,
        13,
        50690
      ],
      "temperature": 0.0,
      "avg_logprob": -0.3302970230579376,
      "compression_ratio": 1.50314462184906,
      "no_speech_prob": 0.013216949068009853
    },
    {
      "id": 1,
      "seek": 0,
      "start": 6.380000114440918,
      "end": 11.460000038146973,
      "text": " Locality is reflected in the local receptive field.",
      "tokens": [
        50690,
        12859,
        1860,
        307,
        15502,
        294,
        264,
        2654,
        45838,
        2519,
        13,
        50944
      ],
      "temperature": 0.0,
      "avg_logprob": -0.3302970230579376,
      "compression_ratio": 1.50314462184906,
      "no_speech_prob": 0.013216949068009853
    },
    {
      "id": 2,
      "seek": 0,
      "start": 11.720000267028809,
      "end": 14.319999694824219,
      "text": " So these are properties of the visual world.",
      "tokens": [
        50944,
        407,
        613,
        366,
        7221,
        295,
        264,
        5056,
        1002,
        13,
        51086
      ],
      "temperature": 0.0,
      "avg_logprob": -0.3302970230579376,
      "compression_ratio": 1.50314462184906,
      "no_speech_prob": 0.013216949068009853
    },
    {
      "id": 3,
      "seek": 0,
      "start": 14.5600004196167,
      "end": 27.299999237060547,
      "text": " They're also some of this property of cortex as well, although I don't think it does convolutions.",
      "tokens": [
        51086,
        814,
        434,
        611,
        512,
        295,
        341,
        4707,
        295,
        33312,
        382,
        731,
        11,
        4878,
        286,
        500,
        380,
        519,
        309,
        775,
        3754,
        15892,
        13,
        51794
      ],
      "temperature": 0.0,
      "avg_logprob": -0.3302970230579376,
      "compression_ratio": 1.50314462184906,
      "no_speech_prob": 0.013216949068009853
    },
    {
      "id": 4,
      "seek": 2730,
      "start": 28.020000457763672,
      "end": 32.02000045776367,
      "text": " But it does show quite a bit of translation invariance,",
      "tokens": [
        50414,
        583,
        309,
        775,
        855,
        1596,
        257,
        857,
        295,
        12853,
        1048,
        10652,
        384,
        11,
        50630
      ],
      "temperature": 0.0,
      "avg_logprob": -0.37102213501930237,
      "compression_ratio": 1.5414012670516968,
      "no_speech_prob": 0.000330141163431108
    },
    {
      "id": 5,
      "seek": 2730,
      "start": 32.880001068115234,
      "end": 37.040000915527344,
      "text": " and receptive fields do get larger the deeper you go into your brain.",
      "tokens": [
        50630,
        293,
        45838,
        7909,
        360,
        483,
        4833,
        264,
        7731,
        291,
        352,
        666,
        428,
        3567,
        13,
        50930
      ],
      "temperature": 0.0,
      "avg_logprob": -0.37102213501930237,
      "compression_ratio": 1.5414012670516968,
      "no_speech_prob": 0.000330141163431108
    },
    {
      "id": 6,
      "seek": 2730,
      "start": 38.939998626708984,
      "end": 41.2599983215332,
      "text": " And so when we talk about receptive fields,",
      "tokens": [
        50930,
        400,
        370,
        562,
        321,
        751,
        466,
        45838,
        7909,
        11,
        51062
      ],
      "temperature": 0.0,
      "avg_logprob": -0.37102213501930237,
      "compression_ratio": 1.5414012670516968,
      "no_speech_prob": 0.000330141163431108
    },
    {
      "id": 7,
      "seek": 2730,
      "start": 41.36000061035156,
      "end": 44.779998779296875,
      "text": " we're going to talk about the part of the image that drives that neuron.",
      "tokens": [
        51062,
        321,
        434,
        516,
        281,
        751,
        466,
        264,
        644,
        295,
        264,
        3256,
        300,
        11754,
        300,
        34090,
        13,
        51242
      ],
      "temperature": 0.0,
      "avg_logprob": -0.37102213501930237,
      "compression_ratio": 1.5414012670516968,
      "no_speech_prob": 0.000330141163431108
    }
  ],
  "words": [
    {
      "word": "reflected",
      "start": 0.0,
      "end": 0.36000001430511475
    },
    {
      "word": "in",
      "start": 0.36000001430511475,
      "end": 1.9800000190734863
    },
    {
      "word": "convolutional",
      "start": 1.9800000190734863,
      "end": 3.180000066757202
    },
    {
      "word": "neural",
      "start": 3.180000066757202,
      "end": 3.380000114440918
    },
    {
      "word": "networks",
      "start": 3.380000114440918,
      "end": 3.859999895095825
    },
    {
      "word": "Locality",
      "start": 6.380000114440918,
      "end": 7.340000152587891
    },
    {
      "word": "is",
      "start": 7.340000152587891,
      "end": 8.300000190734863
    },
    {
      "word": "reflected",
      "start": 8.300000190734863,
      "end": 9.020000457763672
    },
    {
      "word": "in",
      "start": 9.020000457763672,
      "end": 9.4399995803833
    },
    {
      "word": "the",
      "start": 9.4399995803833,
      "end": 9.880000114440918
    },
    {
      "word": "local",
      "start": 9.880000114440918,
      "end": 10.640000343322754
    },
    {
      "word": "receptive",
      "start": 10.640000343322754,
      "end": 11.119999885559082
    },
    {
      "word": "field",
      "start": 11.119999885559082,
      "end": 11.460000038146973
    },
    {
      "word": "So",
      "start": 11.720000267028809,
      "end": 11.779999732971191
    },
    {
      "word": "these",
      "start": 11.779999732971191,
      "end": 12.020000457763672
    },
    {
      "word": "are",
      "start": 12.020000457763672,
      "end": 13.140000343322754
    },
    {
      "word": "properties",
      "start": 13.140000343322754,
      "end": 13.479999542236328
    },
    {
      "word": "of",
      "start": 13.479999542236328,
      "end": 13.760000228881836
    },
    {
      "word": "the",
      "start": 13.760000228881836,
      "end": 14.0600004196167
    },
    {
      "word": "visual",
      "start": 14.0600004196167,
      "end": 14.0600004196167
    },
    {
      "word": "world",
      "start": 14.0600004196167,
      "end": 14.319999694824219
    },
    {
      "word": "They're",
      "start": 14.5600004196167,
      "end": 14.5600004196167
    },
    {
      "word": "also",
      "start": 14.5600004196167,
      "end": 15.34000015258789
    },
    {
      "word": "some",
      "start": 15.34000015258789,
      "end": 16.059999465942383
    },
    {
      "word": "of",
      "start": 16.059999465942383,
      "end": 16.219999313354492
    },
    {
      "word": "this",
      "start": 16.219999313354492,
      "end": 16.860000610351562
    },
    {
      "word": "property",
      "start": 16.860000610351562,
      "end": 19.600000381469727
    },
    {
      "word": "of",
      "start": 19.600000381469727,